{"Los Angeles Lakers": [56.000000000000007, 61.0, 50.840000000000003, 67.0, 56.000000000000007, 58.0, 50.0, 56.000000000000007, 34.0, 45.0, 42.0, 56.999999999999993, 65.0, 56.999999999999993, 56.999999999999993, 50.939393939393938, 45.0, 27.0, 21.0], "Chicago Bulls": [69.0, 62.0, 21.32, 17.0, 15.0, 21.0, 30.0, 23.000000000000004, 46.999999999999993, 41.0, 49.0, 33.0, 41.0, 41.0, 62.0, 62.121212121212118, 45.0, 48.0, 50.0], "Philadelphia 76ers": [22.0, 31.0, 45.920000000000002, 49.0, 56.000000000000007, 43.0, 48.0, 33.0, 43.0, 38.0, 35.0, 40.0, 41.0, 27.0, 41.0, 44.153846153846146, 34.0, 19.0, 18.0], "San Antonio Spurs": [20.0, 56.000000000000007, 60.68, 53.0, 58.0, 58.0, 60.0, 56.999999999999993, 59.0, 63.0, 58.0, 56.000000000000007, 54.0, 50.0, 61.0, 62.121212121212118, 58.0, 62.0, 55.0], "Houston Rockets": [56.999999999999993, 41.0, 50.840000000000003, 34.0, 45.0, 28.000000000000004, 43.0, 45.0, 51.0, 34.0, 52.0, 55.0, 53.0, 42.0, 43.0, 42.242424242424242, 45.0, 54.0, 56.000000000000007], "Detroit Pistons": [54.0, 37.0, 47.560000000000002, 42.0, 32.0, 50.0, 50.0, 54.0, 54.0, 64.0, 53.0, 59.0, 39.0, 27.0, 30.0, 31.060606060606059, 29.0, 29.0, 32.0], "Boston Celtics": [15.0, 36.0, 31.16, 35.0, 36.0, 49.0, 44.0, 36.0, 45.0, 33.0, 24.0, 66.0, 62.0, 50.0, 56.000000000000007, 48.45454545454546, 41.506172839506178, 25.0, 40.0], "Miami Heat": [61.0, 55.0, 54.120000000000012, 52.0, 50.0, 36.0, 25.0, 42.0, 59.0, 52.0, 44.0, 15.0, 43.0, 46.999999999999993, 58.0, 57.151515151515163, 66.0, 54.0, 37.0], "Orlando Magic": [45.0, 41.0, 54.120000000000012, 41.0, 43.0, 44.0, 42.0, 21.0, 36.0, 36.0, 40.0, 52.0, 59.0, 59.0, 52.0, 45.415384615384617, 20.0, 23.000000000000004, 25.0], "Golden State Warriors": [30.0, 19.0, 34.439999999999998, 19.0, 17.0, 21.0, 38.0, 37.0, 34.0, 34.0, 42.0, 48.0, 29.0, 26.0, 36.0, 28.575757575757574, 46.999999999999993, 51.0, 67.0], "New York Knicks": [56.999999999999993, 43.0, 44.280000000000001, 50.0, 48.0, 30.0, 37.0, 39.0, 33.0, 23.000000000000004, 33.0, 23.000000000000004, 32.0, 29.0, 42.0, 44.727272727272727, 54.0, 37.0, 17.0], "Portland Trailblazers": [49.0, 46.000000000000007, 57.399999999999999, 59.0, 50.0, 49.0, 50.0, 41.0, 27.0, 21.0, 32.0, 41.0, 54.0, 50.0, 48.0, 34.787878787878789, 33.0, 54.0, 51.0], "Washington Wizards": [44.0, 42.0, 29.52, 29.0, 19.0, 37.0, 37.0, 25.0, 45.0, 42.0, 41.0, 43.0, 19.0, 26.0, 23.000000000000004, 24.848484848484851, 29.0, 44.0, 46.000000000000007], "Dallas Mavericks": [24.0, 20.0, 31.16, 40.0, 53.0, 56.999999999999993, 60.0, 52.0, 58.0, 60.0, 67.0, 51.0, 50.0, 55.0, 56.999999999999993, 44.727272727272727, 41.0, 49.0, 50.0], "Minnesota Timberwolves": [40.0, 45.0, 41.0, 50.0, 46.999999999999993, 50.0, 51.0, 58.0, 44.0, 33.0, 32.0, 22.0, 24.0, 15.0, 17.0, 32.303030303030305, 31.0, 40.0, 16.0], "Los Angeles Clippers": [36.0, 17.0, 14.76, 15.0, 31.0, 39.0, 27.0, 28.000000000000004, 37.0, 46.999999999999993, 40.0, 23.000000000000004, 19.0, 29.0, 32.0, 49.696969696969703, 56.000000000000007, 56.999999999999993, 56.000000000000007], "Oklahoma City Thunder": [56.999999999999993, 61.0, 41.0, 45.0, 44.0, 45.0, 40.0, 37.0, 52.0, 35.0, 31.0, 20.0, 23.000000000000004, 50.0, 55.0, 58.393939393939398, 60.0, 59.0, 45.0], "Charlotte Hornets": [0.0, 0.0, 0.0, 0.0, 0.0, 0.0, 0.0, 0.0, 18.0, 26.0, 33.0, 32.0, 35.0, 44.0, 34.0, 8.6969696969696972, 21.0, 43.0, 33.0], "Milwaukee Bucks": [33.0, 36.0, 45.920000000000002, 42.0, 52.0, 41.0, 42.0, 41.0, 30.0, 40.0, 28.000000000000004, 26.0, 34.0, 46.000000000000007, 35.0, 38.515151515151523, 38.0, 15.0, 41.0], "Memphis Grizzlies": [14.000000000000002, 19.0, 13.119999999999999, 22.0, 23.000000000000004, 23.000000000000004, 28.000000000000004, 50.0, 45.0, 49.0, 22.0, 22.0, 24.0, 40.0, 46.000000000000007, 50.939393939393938, 56.000000000000007, 50.0, 55.0], "Toronto Raptors": [30.0, 16.0, 37.719999999999999, 45.0, 46.999999999999993, 42.0, 24.0, 33.0, 33.0, 27.0, 46.999999999999993, 41.0, 33.0, 40.0, 22.0, 28.575757575757574, 34.0, 48.0, 49.0], "date": ["19970101", "19980101", "19990101", "20000101", "20010101", "20020101", "20030101", "20040101", "20050101", "20060101", "20070101", "20080101", "20090101", "20100101", "20110101", "20120101", "20130101", "20140101", "20150101"], "Utah Jazz": [64.0, 62.0, 60.68, 55.0, 53.0, 44.0, 46.999999999999993, 42.0, 26.0, 41.0, 51.0, 54.0, 48.0, 53.0, 39.0, 44.727272727272727, 43.0, 25.0, 38.0], "Phoenix Suns": [40.0, 56.000000000000007, 44.280000000000001, 53.0, 51.0, 36.0, 44.0, 29.0, 62.0, 54.0, 61.0, 55.0, 46.000000000000007, 54.0, 40.0, 41.0, 25.0, 48.0, 39.0], "Sacramento Kings": [34.0, 27.0, 44.280000000000001, 44.0, 55.0, 61.0, 59.0, 55.0, 50.0, 44.0, 33.0, 38.0, 17.0, 25.0, 24.0, 27.333333333333329, 28.000000000000004, 28.000000000000004, 29.0], "New Orleans Pelicans": [54.0, 51.0, 42.640000000000001, 49.0, 46.000000000000007, 44.0, 46.999999999999993, 41.0, 18.0, 38.0, 39.0, 56.000000000000007, 49.0, 37.0, 46.000000000000007, 26.09090909090909, 27.0, 34.0, 45.0], "Cleveland Cavaliers": [42.0, 46.999999999999993, 36.079999999999998, 32.0, 30.0, 29.0, 17.0, 35.0, 42.0, 50.0, 50.0, 45.0, 66.0, 61.0, 19.0, 26.09090909090909, 24.0, 33.0, 53.0], "Atlanta Hawks": [56.000000000000007, 50.0, 50.840000000000003, 28.000000000000004, 25.0, 33.0, 35.0, 28.000000000000004, 13.0, 26.0, 30.0, 37.0, 46.999999999999993, 53.0, 44.0, 49.696969696969703, 44.0, 38.0, 60.0], "Brooklyn Nets": [26.0, 43.0, 26.239999999999998, 31.0, 26.0, 52.0, 49.0, 46.999999999999993, 42.0, 49.0, 41.0, 34.0, 34.0, 12.0, 24.0, 27.333333333333329, 49.0, 44.0, 38.0], "Indiana Pacers": [39.0, 58.0, 54.120000000000012, 56.000000000000007, 41.0, 42.0, 48.0, 61.0, 44.0, 41.0, 35.0, 36.0, 36.0, 32.0, 37.0, 52.18181818181818, 49.604938271604937, 56.000000000000007, 38.0], "Denver Nuggets": [21.0, 11.0, 22.960000000000001, 35.0, 40.0, 27.0, 17.0, 43.0, 49.0, 44.0, 45.0, 50.0, 54.0, 53.0, 50.0, 47.212121212121218, 56.999999999999993, 36.0, 30.0]}