genre,rating
Action,5.292022184300341
Animation,6.5906267332224076
Comedy,5.872611955988506
Documentary,6.656644674835061
Drama,6.1893522888154795
Other,5.448044736430472
Romance,6.058275862068966
Short,6.287371512481644
